id	top_neigh_count	top2_neigh_count
GBC1012	103	65
GBC2950	103	66
GBC2970	175	103
GBC2972	103	6
GBC3078	103	2
GBC3103	21	1
GBC3581	103	9
GBC5014	111	10
GBC7739	26	22
GBC7752	2947	2
GBC7826	2947	2
GBC7831	20	16
GBC7833	20	10
GBC10460	392	1
GBC11086	103	3
GBC11522	20	10
GBC11536	1222	2
GBC14241	12	10
GBC14246	563	1
GBC14248	10	1
GBC14249	1	1
GBC16556	505	370
GBC16680	505	231
GBC16750	505	17
GBC16776	5	4
GBC16786	505	195
GBC16800	4	1
GBC16803	505	323
GBC16821	505	293
GBC16824	505	31
GBC16827	505	181
GBC16849	505	44
GBC16912	505	25
GBC24572	2	2
GBC24868	1	1
GBC29475	2343	1
GBC29500	15	5
GBC29526	34	15
GBC29552	4	1
GBC29618	34	2
GBC29623	2343	2
GBC29633	4	2
GBC29697	2343	1
GBC29699	3	1
GBC29987	15	3
GBC29996	2343	2
GBC31086	175	65
GBC31088	124	65
GBC31099	98	65
GBC32192	175	58
GBC32199	91	58
GBC32200	59	58
GBC32221	58	3
GBC32750	175	66
GBC32791	91	3
GBC32814	175	124
GBC32828	175	124
GBC32839	91	59
GBC32853	124	59
GBC32858	59	59
GBC32867	175	98
GBC32873	124	98
GBC32875	98	91
GBC32890	175	2
GBC32906	59	3
GBC32911	7	3
GBC33078	98	1
GBC34650	175	9
GBC35071	135	5
GBC37129	2	1
GBC42236	1	1
GBC43982	1	1
GBC43986	55	1
GBC46050	55	1
GBC46071	2	1
GBC46948	154	1
GBC47785	135	71
GBC47794	135	72
GBC47801	135	78
GBC47826	135	5
GBC47841	135	15
GBC52613	59	8
GBC54843	35	6
GBC59587	186	111
GBC59948	137	111
GBC59960	111	99
GBC59961	2	1
GBC61973	364	318
GBC67815	1024	1
GBC67816	7	5
GBC67826	1024	1
GBC67833	8	8
GBC68097	67	1
GBC69038	21	16
GBC69886	505	6
GBC70453	19	14
GBC70457	19	13
GBC70726	3	2
GBC73283	135	18
GBC75422	71	12
GBC93753	505	11
GBC96158	1	1
GBC102411	2343	9
GBC102438	2	1
GBC102440	9	2
GBC104086	370	5
GBC105623	1222	1
GBC105648	12	9
GBC106227	186	10
GBC107669	563	1
GBC108552	1	1
GBC109322	318	48
GBC109695	392	1
GBC111000	1	1
GBC111014	20	11
GBC111026	1222	1
GBC111097	21	18
GBC111320	2	1
GBC111427	374	18
GBC111696	392	1
GBC111701	10	1
GBC111787	10	6
GBC111812	392	1
GBC112912	20	14
GBC113201	392	1
GBC115312	563	1
GBC115322	12	10
GBC115327	1	1
GBC115399	563	1
GBC116211	2	2
GBC117922	370	231
GBC118048	370	195
GBC118070	370	323
GBC118093	3	3
GBC118094	370	293
GBC118107	370	181
GBC118134	370	44
GBC118360	323	231
GBC118384	293	231
GBC118390	231	31
GBC118396	231	181
GBC118402	231	13
GBC118406	231	17
GBC118412	624	231
GBC118449	231	10
GBC118594	195	17
GBC118600	624	17
GBC118619	323	6
GBC118641	19	6
GBC118686	323	195
GBC118706	293	195
GBC118737	624	195
GBC118763	323	293
GBC118796	624	323
GBC118824	34	2
GBC118831	293	31
GBC118838	293	181
GBC118843	293	13
GBC118867	181	12
GBC118869	624	505
GBC118875	13	1
GBC118877	19	13
GBC118880	13	12
GBC118888	181	17
GBC118902	624	293
GBC118915	624	181
GBC118920	624	19
GBC118936	181	44
GBC118951	34	10
GBC118956	624	10
GBC119003	624	30
GBC119056	19	1
GBC119103	195	10
GBC119111	323	10
GBC119133	10	2
GBC119260	195	7
GBC119285	231	25
GBC119319	195	25
GBC119321	323	25
GBC119340	25	19
GBC119350	44	25
GBC119641	374	370
GBC119953	374	34
GBC119981	374	19
GBC119983	374	13
GBC119998	624	374
GBC121108	25	6
GBC121330	1	1
GBC121562	354	1
GBC121567	6	1
GBC122175	41	25
GBC122180	1	1
GBC122258	25	5
GBC122268	25	1
GBC123091	195	27
GBC123638	374	27
GBC125102	12	6
GBC125118	1	1
GBC125166	181	12
GBC125187	624	12
GBC125232	12	10
GBC127412	370	194
GBC127642	323	194
GBC127652	194	39
GBC127671	194	31
GBC127695	624	194
GBC128145	374	194
GBC130003	25	1
GBC130637	194	27
GBC130906	17	11
GBC130994	22	17
GBC131010	17	17
GBC131033	1881	2
GBC131034	17	1
GBC131040	17	1
GBC132506	17	3
GBC133438	13	10
GBC133736	852	1
GBC133739	10	3
GBC135482	338	18
GBC136384	2	1
GBC139798	19	18
GBC142531	1	1
GBC143030	10	6
GBC143048	354	1
GBC144333	1	1
GBC145480	1	1
GBC147372	2	2
GBC147422	208	1
GBC153472	1038	1
GBC153874	318	5
GBC154096	186	3
GBC154500	186	137
GBC154525	186	99
GBC154557	186	97
GBC154592	186	6
GBC154971	10	4
GBC155102	13	2
GBC155131	99	39
GBC155172	186	137
GBC155177	60	39
GBC155188	4	3
GBC155353	60	4
GBC155448	104	6
GBC155449	1	1
GBC155469	104	60
GBC155480	104	97
GBC155580	51	6
GBC155605	51	3
GBC155668	104	51
GBC155850	137	11
GBC155858	99	11
GBC155867	11	9
GBC156327	51	11
GBC156515	1	1
GBC157248	12620	3
GBC157249	61	39
GBC157268	97	61
GBC157403	61	51
GBC157693	1	1
GBC157942	387	318
GBC158037	318	291
GBC158088	448	318
GBC158211	318	28
GBC158304	318	60
GBC158423	318	88
GBC161846	250	7
GBC164380	2	1
GBC165616	1	1
GBC165950	624	6
GBC166345	374	6
GBC169545	318	19
GBC169596	2	1
GBC172436	302	1
GBC172447	7	7
GBC172977	3	2
GBC174050	3	2
GBC174051	250	1
GBC174311	250	1
GBC174314	6	3
GBC174487	117	1
GBC174590	318	16
GBC174591	2	1
GBC176248	1	1
GBC176442	2	1
GBC177510	1	1
GBC177789	44	4
GBC177876	104	44
GBC178059	34	1
GBC178064	2	2
GBC178668	44	11
GBC179079	1	1
GBC180030	5	2
GBC180301	663	318
GBC181931	392	1
GBC184856	1	1
GBC185134	219	1
GBC187595	19	11
GBC187605	624	11
GBC187626	11	10
GBC188027	374	11
GBC189063	1	1
GBC189096	501	1
GBC189097	4	3
GBC189632	5	3
GBC189636	501	1
GBC189643	5	4
GBC189682	501	1
GBC189722	501	1
GBC189728	2	1
GBC190172	195	78
GBC190213	78	59
GBC190302	78	10
GBC191994	12	11
GBC192954	1	1
GBC195406	1	1
GBC198071	17	11
GBC199038	5	1
GBC199071	1	1
GBC199637	12	11
GBC200270	446	338
GBC200885	2	1
GBC205918	446	156
GBC205993	446	184
GBC206055	664	446
GBC206062	446	25
GBC206072	446	228
GBC206073	7	1
GBC206187	446	23
GBC206222	130	1
GBC206405	446	9
GBC209715	374	28
GBC210871	28	25
GBC211026	37	33
GBC211034	37	1
GBC211541	192	184
GBC211657	446	38
GBC211829	184	139
GBC211856	345	184
GBC211858	184	10
GBC211867	184	7
GBC212181	2	1
GBC212182	262	1
GBC215991	37	18
GBC217257	56	35
GBC219443	40	2
GBC220814	1	1
GBC221406	338	156
GBC221503	338	184
GBC221577	664	338
GBC221581	338	25
GBC221583	338	200
GBC221586	338	150
GBC221590	338	228
GBC224166	29	19
GBC224168	200	29
GBC224870	2	1
GBC224901	22	1
GBC225028	156	20
GBC225116	200	20
GBC225118	124	20
GBC225896	156	5
GBC225898	156	7
GBC225899	664	156
GBC225902	156	43
GBC225914	156	124
GBC225921	156	109
GBC225997	184	14
GBC225998	184	23
GBC226001	664	184
GBC226004	184	140
GBC226005	184	43
GBC226020	184	124
GBC226066	23	2
GBC226092	23	19
GBC226093	19	10
GBC226096	124	19
GBC226098	109	19
GBC226100	2	1
GBC226142	23	6
GBC226167	140	13
GBC226201	150	3
GBC226210	664	10
GBC226241	140	23
GBC226245	664	7
GBC226250	140	18
GBC226266	664	446
GBC226273	664	200
GBC226277	200	140
GBC226280	664	150
GBC226284	150	140
GBC226286	200	150
GBC226287	228	18
GBC226293	228	140
GBC226294	228	200
GBC226298	228	150
GBC226309	200	124
GBC226311	124	7
GBC226313	150	124
GBC226316	228	124
GBC226322	109	3
GBC226335	200	109
GBC226339	228	109
GBC226343	124	109
GBC226385	228	21
GBC226399	140	14
GBC226452	664	23
GBC226502	664	13
GBC226994	140	8
GBC227185	664	8
GBC227190	124	8
GBC227381	315	23
GBC227388	315	26
GBC227390	315	140
GBC227391	315	43
GBC227393	315	200
GBC227396	315	150
GBC227399	315	228
GBC227405	315	124
GBC227412	315	109
GBC227414	3	3
GBC227418	3	3
GBC227485	315	13
GBC227607	315	9
GBC227608	3	1
GBC228444	116	59
GBC228849	40	33
GBC228864	40	1
GBC229196	1	1
GBC229408	59	56
GBC229699	59	47
GBC229887	8	1
GBC230596	3031	1
GBC230598	40	37
GBC230616	3031	1
GBC230631	33	15
GBC231775	664	38
GBC231780	109	38
GBC232468	262	1
GBC232469	7	3
GBC232586	1	1
GBC233801	8	7
GBC235055	23	15
GBC236247	2743	1
GBC236663	18	9
GBC237566	35	21
GBC237699	35	3
GBC240492	1	1
GBC241705	186	6
GBC242109	6	6
GBC245196	6	3
GBC245206	119	1
GBC245959	2	1
GBC246749	119	1
GBC246771	6	3
GBC247026	3	1
GBC247625	587	2
GBC247691	150	23
GBC247692	228	23
GBC247765	8	8
GBC247766	576	1
GBC247804	576	1
GBC247807	8	8
GBC248364	2	1
GBC248802	22	12
GBC248824	1468	1
GBC250879	28	6
GBC251831	7	4
GBC252623	184	8
GBC261403	338	28
GBC263760	27	21
GBC263815	1936	1
GBC275394	6	1
GBC282946	1009	16
GBC284056	1	1
GBC286407	15	2
GBC286516	2947	1
GBC290024	39	16
GBC290029	217	16
GBC294438	624	8
GBC295244	866	13
GBC299078	1	1
GBC303006	2343	1
GBC303020	3	2
GBC303031	3	1
GBC305448	66	4
GBC305462	175	4
GBC305464	124	4
GBC305472	98	4
GBC305495	4	2
GBC306560	1	1
GBC310470	374	29
GBC312807	374	156
GBC313104	374	14
GBC313106	374	23
GBC313116	374	140
GBC313119	374	200
GBC313122	374	150
GBC313127	374	228
GBC313133	374	124
GBC313152	374	109
GBC313211	5	1
GBC315725	424	23
GBC315747	374	315
GBC317276	718	13
GBC318584	90	59
GBC320261	1	1
GBC324217	1	1
GBC328007	1	1
GBC328385	1009	23
GBC330802	1009	369
GBC330948	1009	250
GBC331036	1009	2
GBC331050	1009	12
GBC331081	1009	587
GBC331235	1009	14
GBC331250	1009	24
GBC332589	250	1
GBC332724	1009	10
GBC333597	353	284
GBC333844	91	1
GBC333860	2	1
GBC334450	369	23
GBC334517	250	23
GBC336321	184	22
GBC336322	222	22
GBC336650	2	1
GBC337811	369	250
GBC337906	369	12
GBC337932	4	1
GBC337938	587	369
GBC338006	369	217
GBC338021	369	169
GBC338224	587	250
GBC338230	4	1
GBC338274	250	16
GBC338284	250	217
GBC338311	250	36
GBC338539	587	19
GBC338555	587	1
GBC338561	587	7
GBC338570	587	12
GBC338573	587	16
GBC338584	587	217
GBC338585	2	1
GBC338593	587	169
GBC338612	222	19
GBC338755	1009	587
GBC338768	222	184
GBC338772	217	39
GBC338779	217	184
GBC338781	222	217
GBC338820	184	169
GBC338823	222	169
GBC338828	217	169
GBC338831	2	1
GBC338922	217	5
GBC338981	374	23
GBC338985	587	14
GBC339010	222	14
GBC339013	217	14
GBC339074	217	24
GBC339078	169	24
GBC339134	222	19
GBC339293	587	50
GBC339345	50	5
GBC339362	50	14
GBC340181	14	6
GBC340579	184	20
GBC340889	1	1
GBC341079	6	5
GBC341154	369	10
GBC341205	12	3
GBC341237	250	10
GBC341274	587	10
GBC341293	10	3
GBC341322	14	10
GBC341908	424	29
GBC341919	424	184
GBC341922	424	222
GBC341926	424	217
GBC341936	424	169
GBC342020	284	253
GBC342322	6	2
GBC342330	284	243
GBC342468	424	6
GBC342526	284	3
GBC342554	284	2
GBC342564	440	284
GBC342572	284	33
GBC342577	284	30
GBC342675	284	18
GBC342892	284	60
GBC342895	2	1
GBC343132	424	10
GBC345352	369	89
GBC345422	941	3
GBC345969	15	4
GBC345992	941	1
GBC345993	1	1
GBC347787	12	12
GBC348756	9	2
GBC348770	229	1
GBC349925	74	1
GBC349927	1	1
GBC351270	369	121
GBC351374	587	121
GBC351375	121	18
GBC351385	222	121
GBC351387	217	121
GBC351993	1	1
GBC358196	1	1
GBC358282	21	10
GBC361739	458	250
GBC361860	458	184
GBC361863	458	222
GBC361867	458	217
GBC361882	458	169
GBC363329	458	424
GBC363673	514	284
GBC363677	1	1
GBC367246	45	42
GBC367269	45	20
GBC367270	45	11
GBC367271	5659	2
GBC367292	45	4
GBC368443	45	39
GBC369109	15	3
GBC369146	15	2
GBC370260	3	1
GBC370267	1284	1
GBC370364	3	1
GBC370367	1284	1
GBC370389	8	3
GBC370416	1284	1
GBC370418	10	5
GBC370439	1284	1
GBC370447	15	13
GBC370475	10	2
GBC370519	2	2
GBC370643	1284	1
GBC370651	2	1
GBC370997	458	121
GBC376610	21	1
GBC378895	1	1
GBC384620	2	2
GBC384668	154	1
GBC387405	22	5
GBC388639	505	1
GBC388699	120	3
GBC390283	1	1
GBC390822	36	9
GBC391433	1	1
GBC391910	182	120
GBC391928	120	71
GBC391947	120	78
GBC391975	120	4
GBC392577	120	78
GBC392815	5	3
GBC392853	3	1
GBC392855	198	1
GBC394703	1	1
GBC394712	120	1
GBC399691	22	18
GBC399747	22	17
GBC399776	22	5
GBC399777	1881	2
GBC399789	22	4
GBC400400	2	1
GBC401950	22	3
GBC406496	71	5
GBC406749	2	1
GBC407301	34	21
GBC407341	34	1
GBC409136	1	1
GBC409629	2	1
GBC413559	1	1
GBC415961	10	2
GBC416003	123	2
GBC416378	154	1
GBC416379	2	1
GBC416905	154	1
GBC416924	2	2
GBC416931	154	1
GBC417048	1	1
GBC417679	182	13
GBC417685	72	13
GBC417825	182	72
GBC417831	182	78
GBC417835	182	5
GBC417903	78	71
GBC417992	182	135
GBC418067	72	4
GBC418076	111	4
GBC418109	5	4
GBC418184	15	10
GBC418189	15	3
GBC418295	123	78
GBC418384	123	10
GBC418619	2	1
GBC418774	111	74
GBC418935	123	74
GBC418976	9	6
GBC419371	111	78
GBC419373	78	4
GBC420456	78	52
GBC420469	111	52
GBC420496	52	6
GBC420544	123	52
GBC420835	78	52
GBC421481	120	1
GBC421499	1	1
GBC421518	120	1
GBC425306	49	6
GBC425401	64	24
GBC425403	111	64
GBC425417	64	4
GBC425428	64	5
GBC425444	64	10
GBC425468	123	64
GBC425893	2	1
GBC427863	8	5
GBC429386	1038	1
GBC429394	5	2
GBC429501	5	2
GBC430479	2	1
GBC432285	364	14
GBC433152	387	364
GBC433266	364	291
GBC433302	448	364
GBC433411	364	53
GBC433417	364	28
GBC433482	364	35
GBC433568	52	33
GBC433637	52	17
GBC433643	52	16
GBC433741	364	88
GBC436092	2	1
GBC437906	4229	1
GBC437909	46	2
GBC440056	4	3
GBC440358	46	4
GBC440474	33	17
GBC440487	67	33
GBC440725	67	17
GBC440728	4229	1
GBC440766	4229	1
GBC440770	67	52
GBC441021	22	12
GBC441035	17	12
GBC441165	36	13
GBC441192	46	36
GBC442653	14	14
GBC442660	14	13
GBC442664	2101	1
GBC442705	2101	1
GBC442713	2101	1
GBC442722	34	23
GBC442767	34	23
GBC444311	8	4
GBC444921	18	4
GBC444930	18	6
GBC447021	3	1
GBC448420	2101	2
GBC448421	23	6
GBC450531	1	1
GBC451006	6	3
GBC455894	33	1
GBC456160	4	3
GBC456166	441	1
GBC459010	1	1
GBC461748	33	1
GBC462290	1	1
GBC463912	3	1
GBC464510	2	1
GBC465323	40	2
GBC465468	40	36
GBC466884	23	7
GBC469303	3	2
GBC469605	195	79
GBC469703	79	61
GBC474016	3	1
GBC474130	2	1
GBC474558	22	4
GBC479106	14	1
GBC479309	21	14
GBC479313	1	1
GBC479362	980	1
GBC481249	311	48
GBC482528	1	1
GBC485120	1881	1
GBC485121	1	1
GBC489394	41	36
GBC489643	41	36
GBC489644	1801	1
GBC489653	1801	1
GBC489687	1801	1
GBC489708	1801	1
GBC489737	1801	1
GBC489753	2	1
GBC489760	2	2
GBC489812	5	2
GBC489994	1801	1
GBC490020	2	2
GBC490503	1	1
GBC491636	5	1
GBC492819	1	1
GBC493998	3	1
GBC494920	194	1
GBC495681	1	1
GBC497699	1881	1
GBC497710	3	3
GBC497834	56	1
GBC497950	18	11
GBC498031	11	1
GBC498060	11	6
GBC498097	18	17
GBC498120	18	5
GBC498294	1881	1
GBC498318	1881	1
GBC498319	22	22
GBC498341	1	1
GBC498343	1	1
GBC498427	1881	1
GBC498456	3	2
GBC498470	5	4
GBC498745	980	1
GBC499879	18	3
GBC499946	1881	1
GBC502832	187	41
GBC502835	198	41
GBC505545	2	1
GBC507552	223	14
GBC507918	2323	1
GBC507920	3	2
GBC510151	1038	1
GBC510165	8	2
GBC510166	1	1
GBC511585	1038	1
GBC511587	3	1
GBC511611	1	1
GBC511658	10	2
GBC511672	1038	1
GBC511674	14	10
GBC511677	1038	1
GBC511695	1038	1
GBC511710	1038	2
GBC511750	1038	2
GBC511752	3	1
GBC511756	2	1
GBC511812	1038	1
GBC511987	161	5
GBC512661	1	1
GBC513191	1	1
GBC513450	229	24
GBC513466	24	14
GBC513617	24	16
GBC513619	1	1
GBC513962	14	3
GBC514276	229	14
GBC514313	2	2
GBC514595	1	1
GBC515079	387	291
GBC515130	448	387
GBC515226	387	14
GBC515239	387	311
GBC515281	387	22
GBC515406	448	291
GBC515454	291	5
GBC515460	291	187
GBC515487	291	6
GBC515496	291	14
GBC515535	448	17
GBC515558	448	229
GBC515599	448	14
GBC515645	31	23
GBC515672	7	2
GBC515711	229	29
GBC515721	663	448
GBC515732	198	187
GBC515753	198	24
GBC515764	229	14
GBC515766	198	14
GBC515767	2	1
GBC515778	187	161
GBC515782	198	161
GBC515801	3	2
GBC515809	31	6
GBC515812	229	6
GBC515816	6	4
GBC515856	229	14
GBC515883	311	29
GBC515886	311	31
GBC515888	311	187
GBC515889	311	229
GBC515892	1	1
GBC515897	311	14
GBC515904	311	161
GBC515977	311	28
GBC516008	187	25
GBC516096	31	7
GBC516116	14	7
GBC516254	16	14
GBC516303	25	16
GBC516326	291	60
GBC516341	448	60
GBC516379	60	14
GBC517539	2	1
GBC518665	24	15
GBC519144	440	7
GBC519146	315	7
GBC519647	1	1
GBC519750	2	1
GBC519876	3	2
GBC519953	15	6
GBC520015	16	15
GBC520173	88	15
GBC522030	3	1
GBC522216	1	1
GBC523097	5	1
GBC523120	387	19
GBC524176	2	2
GBC524183	2	1
GBC525535	291	16
GBC525557	229	16
GBC525558	198	16
GBC525561	16	14
GBC525573	16	14
GBC525581	311	16
GBC525606	16	7
GBC527088	8	2
GBC527089	1038	1
GBC527091	3	2
GBC527469	2	1
GBC527477	80	1
GBC527957	7	3
GBC527962	441	1
GBC528337	44	1
GBC528508	441	1
GBC528513	3	1
GBC528519	7	4
GBC528527	441	1
GBC529954	663	14
GBC530251	441	1
GBC530473	2	2
GBC530490	219	1
GBC530904	663	29
GBC530908	663	31
GBC530910	663	187
GBC530912	663	229
GBC530914	663	198
GBC530916	9	6
GBC530923	663	14
GBC530927	663	161
GBC530934	3	2
GBC530936	6	1
GBC530951	5	2
GBC530952	663	311
GBC533240	2	1
GBC534595	2	1
GBC535005	514	7
GBC535180	219	1
GBC535250	219	1
GBC535257	2	1
GBC535296	4	2
GBC535311	219	1
GBC536767	195	1
GBC538089	8	3
GBC538606	4	2
GBC539164	195	3
GBC539182	195	43
GBC539204	195	5
GBC539306	11681	1
GBC539335	43	7
GBC539359	43	3
GBC539360	195	79
GBC539497	3	1
GBC539529	61	7
GBC539534	61	9
GBC539565	61	1
GBC539762	11681	3
GBC539770	64	56
GBC539813	64	61
GBC539907	5659	1
GBC540985	56	54
GBC541214	64	54
GBC543286	195	62
GBC543346	62	61
GBC543497	64	62
GBC543572	11	4
GBC543632	5	4
GBC543633	1881	2
GBC544302	62	54
GBC544426	663	16
GBC544447	1	1
GBC546890	1	1
GBC547245	24	18
GBC554047	1	1
GBC554349	446	8
GBC554351	1	1
GBC554561	3	1
GBC554566	130	1
GBC554574	130	1
GBC554583	130	1
GBC554585	4	3
GBC557856	3	2
GBC558403	139	27
GBC558456	345	27
GBC558459	88	27
GBC558509	116	109
GBC559736	109	56
GBC560083	109	1
GBC560084	109	7
GBC560431	2	2
GBC561140	192	139
GBC561180	345	192
GBC561189	192	7
GBC561197	192	168
GBC561416	41	3
GBC561443	192	12
GBC561458	3	1
GBC561468	5	3
GBC561605	345	139
GBC561710	345	5
GBC561734	345	3
GBC561783	345	240
GBC561816	168	2
GBC561853	168	88
GBC561859	5	1
GBC561877	345	5
GBC561889	13	5
GBC561924	168	141
GBC561979	14	5
GBC562132	139	12
GBC562238	139	4
GBC562304	5	3
GBC562305	307	1
GBC562770	141	8
GBC563507	3	3
GBC563633	345	240
GBC563636	240	3
GBC563645	240	168
GBC563653	240	88
GBC563666	240	141
GBC563694	240	14
GBC564437	1	1
GBC564549	1764	102
GBC564558	193	102
GBC564567	1303	102
GBC564576	1481	102
GBC564778	1511	102
GBC564883	240	8
GBC565036	6	2
GBC566224	12	1
GBC567951	3	1
GBC568003	1	1
GBC568144	84	3
GBC568161	168	84
GBC568169	88	84
GBC568652	56	49
GBC568664	2	1
GBC568677	1	1
GBC568743	56	19
GBC568759	56	4
GBC568764	56	4
GBC568794	56	2
GBC570230	1	1
GBC572745	65	18
GBC573605	338	8
GBC574879	3	1
GBC578080	2	1
GBC578818	43	8
GBC578823	228	8
GBC579313	1	1
GBC581465	116	52
GBC581470	116	47
GBC581479	116	2
GBC582780	52	47
GBC582793	47	6
GBC582803	116	109
GBC582807	4	1
GBC582812	47	4
GBC582813	10725	1
GBC582898	65	12
GBC582901	65	47
GBC584299	47	6
GBC584564	8	3
GBC584565	307	1
GBC584566	307	1
GBC584567	8	5
GBC584821	111	4
GBC584967	74	4
GBC585218	78	4
GBC587128	116	101
GBC587590	2	2
GBC587815	15	2
GBC588266	2	1
GBC588888	101	12
GBC588902	101	65
GBC589559	31	23
GBC589902	2743	1
GBC590462	1	1
GBC591639	49	15
GBC591666	49	21
GBC591671	49	1
GBC591719	49	1
GBC591872	21	19
GBC591875	2907	2
GBC591909	56	49
GBC591910	2907	2
GBC591922	2907	2
GBC591923	4	1
GBC592049	3	1
GBC592198	15	3
GBC592223	21	3
GBC592226	2907	1
GBC593233	1	1
GBC595374	11	2
GBC595381	516	1
GBC595382	11	8
GBC598668	2	2
GBC598695	127	1
GBC599392	33	11
GBC600320	1936	1
GBC601089	448	23
GBC603979	5	4
GBC604200	5	2
GBC604578	1468	1
GBC604579	8	5
GBC604730	33	22
GBC604733	1468	1
GBC605243	22	1
GBC605250	1468	1
GBC605251	5	1
GBC605398	253	10
GBC605756	10	5
GBC609153	1	1
GBC609914	6	1
GBC609935	18	4
GBC612029	1	1
GBC612220	4	2
GBC612224	108	1
GBC613508	108	1
GBC613521	4	3
GBC614781	84	8
GBC617696	1	1
GBC618532	4	1
GBC620127	2	1
GBC622422	1936	1
GBC622424	16	2
GBC622429	16	6
GBC622445	16	4
GBC623172	27	2
GBC623179	1936	1
GBC623217	27	2
GBC623220	27	4
GBC623231	27	1
GBC623450	1936	1
GBC623461	29	27
GBC623515	3	3
GBC623530	4	3
GBC623531	6	4
GBC623585	1936	1
GBC623587	4	2
GBC623601	4	3
GBC623799	4	2
GBC625677	13	2
GBC625678	13	1
GBC625723	13	1
GBC626249	1	1
GBC627917	1468	1
GBC627919	5	1
GBC631734	47	14
GBC632293	2	1
GBC633460	9	6
GBC633484	14	6
GBC634668	1	1
GBC635270	240	6
GBC635753	1	1
GBC636057	10	2
GBC637739	1	1
GBC638368	1	1
GBC641452	16	5
GBC641735	5	4
GBC642059	1	1
GBC645660	40	1
GBC645662	1	1
GBC647172	353	81
GBC649901	31	1
GBC650891	1	1
GBC651875	1	1
GBC653320	243	81
GBC654206	47	1
GBC654207	1	1
GBC654409	5	1
GBC657154	78	1
GBC657170	168	78
GBC661431	74	26
GBC661442	38	26
GBC661443	2323	2
GBC661462	26	3
GBC661513	26	8
GBC661763	1	1
GBC662478	62	1
GBC662746	1	1
GBC662905	84	78
GBC663535	56	5
GBC664854	1	1
GBC666274	2	1
GBC667544	90	18
GBC669572	1	1
GBC671128	1	1
GBC671485	3	1
GBC672867	47	1
GBC673849	1	1
GBC675189	1	1
GBC675807	30	18
GBC677707	90	65
GBC677932	477	34
GBC679705	1	1
GBC680781	90	4
GBC681157	52	9
GBC682323	2323	2
GBC682326	20	2
GBC682718	20	3
GBC683376	55	1
GBC683400	2	2
GBC683580	74	22
GBC683591	38	22
GBC683670	22	8
GBC684290	2323	1
GBC684333	8	2
GBC684409	750	34
GBC684723	74	38
GBC684743	74	38
GBC684755	4	2
GBC684756	5	1
GBC684819	74	1
GBC684824	2323	1
GBC684857	4	3
GBC684979	38	8
GBC684989	8	5
GBC685093	4	2
GBC685096	38	4
GBC685097	2323	2
GBC685099	4	2
GBC685116	4	3
GBC685513	31	20
GBC686195	2	1
GBC686881	2	2
GBC687382	15	5
GBC690899	21	1
GBC692069	29	1
GBC692077	2	1
GBC694517	353	253
GBC694832	353	243
GBC694946	10	1
GBC694994	353	2
GBC695079	440	353
GBC695094	353	315
GBC695101	353	4
GBC695105	353	5
GBC695106	353	13
GBC695108	353	37
GBC695117	353	6
GBC695120	353	13
GBC698550	1	1
GBC698794	315	9
GBC700915	5	3
GBC701248	253	243
GBC701373	253	35
GBC701488	440	253
GBC701498	315	253
GBC701500	253	30
GBC701644	1	1
GBC701967	440	243
GBC701969	1	1
GBC701984	315	243
GBC701988	374	243
GBC702077	362	243
GBC702559	13	3
GBC702678	2	1
GBC702703	37	6
GBC702727	440	17
GBC702733	440	33
GBC702735	440	315
GBC702738	440	8
GBC702758	374	17
GBC702778	514	440
GBC702785	374	8
GBC702805	315	13
GBC702864	13	3
GBC702868	315	13
GBC702988	362	315
GBC702992	374	362
GBC703143	18	2
GBC703178	18	6
GBC703482	440	60
GBC703508	60	13
GBC703593	1	1
GBC703599	60	18
GBC703958	362	11
GBC704759	1	1
GBC706979	941	1
GBC707973	253	34
GBC708403	315	34
GBC709176	1	1
GBC709178	53	1
GBC709228	53	1
GBC709231	1	1
GBC711297	1	1
GBC713279	1	1
GBC714087	253	19
GBC719267	22	10
GBC719380	27	10
GBC719494	10	3
GBC720167	663	28
GBC720168	6	1
GBC723151	12	1
GBC723253	3	1
GBC723258	514	253
GBC723507	514	243
GBC723552	514	32
GBC723605	514	35
GBC723758	514	315
GBC723760	514	30
GBC723763	514	374
GBC723767	514	13
GBC723842	514	362
GBC724344	514	11
GBC725534	3	2
GBC726705	1	1
GBC727108	1	1
GBC727542	1	1
GBC728036	34	3
GBC728987	11	3
GBC728988	5659	1
GBC729229	54	42
GBC729255	43	1
GBC729264	43	11
GBC729271	92	43
GBC729320	54	20
GBC729340	5659	2
GBC729341	5659	2
GBC729342	92	54
GBC729354	92	20
GBC729381	92	34
GBC730790	92	39
GBC730885	1	1
GBC734951	42	29
GBC734977	92	29
GBC736609	10	5
GBC737066	39	29
GBC743872	1147	1
GBC745963	27	10
GBC746659	2	1
GBC747819	1147	1
GBC747820	1	1
GBC747999	41	6
GBC748633	6131	1
GBC748636	45	41
GBC748876	41	37
GBC749317	10	7
GBC749431	8	1
GBC749433	8	2
GBC749505	1147	1
GBC749524	14	10
GBC749526	1147	1
GBC749529	1147	1
GBC749599	1147	1
GBC751115	7	6
GBC751146	576	1
GBC752184	6	1
GBC754739	5026	58
GBC754761	1303	58
GBC754768	1548	58
GBC754802	135	58
GBC756226	5	3
GBC756605	407	245
GBC757012	2565	1
GBC757014	1	1
GBC758672	231	1
GBC761089	43	2
GBC761886	4285	1
GBC761910	53	38
GBC761922	4285	1
GBC762000	4285	2
GBC762003	20	19
GBC762407	53	20
GBC764547	1	1
GBC765673	4285	1
GBC768183	4	3
GBC768315	4	3
GBC768320	529	1
GBC768549	407	2
GBC768747	1	1
GBC769740	3	1
GBC769741	376	1
GBC769782	529	1
GBC769867	529	1
GBC769918	376	1
GBC769921	6	4
GBC770026	529	1
GBC770038	6	4
GBC773139	1	1
GBC773520	407	4
GBC773530	407	223
GBC773534	407	8
GBC773540	407	7
GBC773541	407	68
GBC773545	407	5
GBC773550	407	22
GBC773590	407	91
GBC773624	407	21
GBC773663	407	8
GBC773674	407	11
GBC775718	4	2
GBC778654	10	5
GBC778986	195	1
GBC781483	3	3
GBC782042	10	5
GBC782050	579	1
GBC782474	195	1
GBC782479	2	1
GBC784611	228	1
GBC789725	71	68
GBC789738	71	1
GBC789754	71	7
GBC789870	1	1
GBC789938	6187	1
GBC790001	68	7
GBC790013	6187	1
GBC790021	71	68
GBC790079	68	7
GBC790089	7	1
GBC790092	7	7
GBC790233	71	9
GBC790683	68	3
GBC790692	6187	2
GBC794303	1	1
GBC795055	71	7
GBC795110	68	7
GBC795127	7	7
GBC795128	1	1
GBC797637	6	6
GBC800822	463	1
GBC801089	228	1
GBC807958	7	1
GBC808381	71	7
GBC808402	7	3
GBC808418	2	1
GBC808456	2	1
GBC808466	7	1
GBC808473	7	7
GBC808498	8	7
GBC808558	9	7
GBC808562	2	2
GBC810194	2565	1
GBC810280	21	19
GBC810287	19	1
GBC810294	19	4
GBC810297	21	2
GBC810298	2565	1
GBC810301	2565	1
GBC810302	21	19
GBC810313	2565	1
GBC810327	2565	1
GBC810331	4	1
GBC810336	3	1
GBC810366	4	1
GBC810435	19	3
GBC810457	3	1
GBC812843	1	1
GBC813647	2	1
GBC813663	2	1
GBC815228	245	2
GBC816522	2	1
GBC823847	1	1
GBC824087	563	10
GBC825984	293	31
GBC825987	181	31
GBC825993	624	31
GBC828307	36	2
GBC830413	1	1
GBC830967	154	131
GBC830990	2895	154
GBC830994	1764	154
GBC831049	1548	154
GBC831220	1511	154
GBC831398	1432	154
GBC832419	194	31
GBC832552	245	223
GBC832563	245	4
GBC832564	245	5
GBC832566	245	87
GBC832574	245	18
GBC832577	1	1
GBC835448	2	1
GBC836695	1	1
GBC837403	1	1
GBC839576	18	9
GBC842520	223	14
GBC842810	87	4
GBC842877	223	8
GBC842880	223	5
GBC842901	11	5
GBC842903	407	258
GBC842931	87	68
GBC842955	7	2
GBC842975	18	7
GBC842981	87	18
GBC842982	22	18
GBC842991	108	7
GBC842999	108	11
GBC843016	109	2
GBC843025	109	87
GBC843033	109	108
GBC843046	223	91
GBC843057	91	87
GBC843059	2	1
GBC843073	108	91
GBC843081	109	91
GBC843115	21	18
GBC843120	109	21
GBC843163	8	5
GBC843165	87	8
GBC843180	91	8
GBC843190	223	11
GBC843206	18	11
GBC843293	18	14
GBC843320	1	1
GBC844700	195	1
GBC844702	3	1
GBC844719	3	3
GBC844723	195	1
GBC844843	223	2
GBC845384	7	5
GBC845395	91	5
GBC845413	8	5
GBC845450	14	5
GBC845451	1	1
GBC846994	2	2
GBC847494	1	1
GBC848505	579	1
GBC849509	347	1
GBC850211	1	1
GBC851147	448	41
GBC851148	1	1
GBC851816	2	1
GBC852516	1	1
GBC852895	1	1
GBC853347	579	1
GBC853365	10	5
GBC853366	579	1
GBC853789	1	1
GBC854487	347	1
GBC854526	5	5
GBC854528	347	1
GBC854563	347	1
GBC854568	6	5
GBC856433	1	1
GBC862867	1	1
GBC862872	2	2
GBC863304	1	1
GBC870712	463	1
GBC870770	12	4
GBC872321	1	1
GBC872590	1	1
GBC876076	2	1
GBC876475	2	2
GBC876568	2	1
GBC876681	3	1
GBC877238	1	1
GBC879087	5	4
GBC879102	410	1
GBC879261	4	1
GBC879268	410	1
GBC879454	410	1
GBC879457	1	1
GBC884301	17	2
GBC886704	76	35
GBC886948	5026	65
GBC886953	75	65
GBC887119	1432	65
GBC888292	80	33
GBC888295	80	30
GBC888297	80	2
GBC888924	2	1
GBC889815	76	38
GBC890098	1	1
GBC890130	76	65
GBC890139	76	46
GBC890663	5026	65
GBC890760	1550	65
GBC890772	1481	65
GBC890942	1511	65
GBC891136	1432	65
GBC892058	1	1
GBC892235	180	31
GBC892517	5026	31
GBC892652	1764	31
GBC892670	1550	31
GBC892680	1303	31
GBC892712	1548	31
GBC892950	1511	31
GBC893242	1432	31
GBC893250	11	1
GBC893848	36	30
GBC893852	2819	1
GBC893854	13	1
GBC894160	172	65
GBC894168	193	65
GBC894200	65	17
GBC894457	1432	65
GBC894766	3	2
GBC894814	1	1
GBC895645	3	2
GBC895657	5026	28
GBC895801	1764	28
GBC895826	1550	28
GBC895919	568	28
GBC895944	217	28
GBC896000	28	17
GBC896079	220	28
GBC896970	5026	62
GBC897427	150	131
GBC897444	172	150
GBC897452	1764	150
GBC897474	1550	150
GBC897490	1481	150
GBC897507	1548	150
GBC897566	217	150
GBC897696	16	2
GBC897761	5026	63
GBC897777	193	63
GBC898002	180	75
GBC898027	1764	180
GBC898043	1550	180
GBC898051	1303	180
GBC898057	8	1
GBC898455	5026	46
GBC898480	1550	46
GBC898752	1481	12
GBC898858	5026	157
GBC898940	5026	119
GBC898967	5026	75
GBC898984	5026	118
GBC898996	5026	2895
GBC898998	5026	213
GBC899001	5026	1764
GBC899003	5026	292
GBC899005	5026	178
GBC899020	5026	249
GBC899025	49	9
GBC899028	5026	193
GBC899029	7	7
GBC899036	5026	1550
GBC899057	49	6
GBC899061	5026	1303
GBC899097	49	11
GBC899101	5026	1481
GBC899102	12	11
GBC899116	11	8
GBC899155	5026	1548
GBC899172	6	1
GBC899235	2895	157
GBC899248	1550	157
GBC899258	1303	157
GBC899328	1764	121
GBC899349	1550	121
GBC899359	1303	121
GBC899389	2895	119
GBC899429	2895	131
GBC899433	1764	131
GBC899449	1550	131
GBC899459	2895	75
GBC899468	148	118
GBC899479	148	131
GBC899501	2895	118
GBC899514	213	172
GBC899525	2895	213
GBC899528	2895	1764
GBC899531	5026	2895
GBC899537	1764	292
GBC899541	1764	178
GBC899549	1764	26
GBC899556	2895	249
GBC899561	1764	249
GBC899566	2895	193
GBC899569	193	131
GBC899571	1764	193
GBC899574	292	193
GBC899577	1764	118
GBC899581	2895	1550
GBC899583	1550	213
GBC899586	1764	1550
GBC899602	1550	249
GBC899607	9	3
GBC899610	1550	193
GBC899612	3	3
GBC899614	1303	118
GBC899622	2895	1303
GBC899624	1303	213
GBC899627	1764	1303
GBC899631	1303	178
GBC899645	9	6
GBC899647	1303	193
GBC899650	6	2
GBC899654	1550	1303
GBC899670	1481	148
GBC899672	4	1
GBC899675	1481	118
GBC899681	2895	1481
GBC899684	1481	131
GBC899686	1764	1481
GBC899689	1481	178
GBC899701	1481	249
GBC899706	1481	193
GBC899714	1550	1481
GBC899728	7	6
GBC899730	3	3
GBC899732	1481	1303
GBC899738	6	4
GBC899749	1548	131
GBC899760	1548	148
GBC899770	2895	1548
GBC899772	1548	213
GBC899775	1764	1548
GBC899778	1548	178
GBC899793	1548	193
GBC899801	1550	1548
GBC899815	6	5
GBC899823	1548	1303
GBC899824	13	8
GBC899848	1548	1481
GBC899869	1	1
GBC899871	9	5
GBC899882	568	157
GBC899943	2895	568
GBC899968	3	1
GBC899971	6	3
GBC899987	1303	568
GBC900064	217	118
GBC900066	2895	217
GBC900072	217	193
GBC900079	1481	217
GBC900083	1548	217
GBC900169	5026	17
GBC900254	1303	17
GBC900346	5026	135
GBC900363	148	135
GBC900370	1764	135
GBC900376	1550	135
GBC900384	1548	135
GBC900388	568	135
GBC900442	7	1
GBC900464	9	1
GBC900476	5026	220
GBC900477	7	7
GBC900502	2	1
GBC900517	2895	220
GBC900518	9	6
GBC900522	1764	220
GBC900524	292	220
GBC900533	9	9
GBC900536	220	193
GBC900538	7	3
GBC900540	9	3
GBC900542	1550	220
GBC900551	13	6
GBC900558	1481	220
GBC900559	12	9
GBC900564	9	8
GBC900570	1548	220
GBC900599	568	220
GBC900609	9	3
GBC900622	220	217
GBC900623	2	1
GBC900660	1511	49
GBC900696	1511	46
GBC900857	5026	1511
GBC900858	14	7
GBC900979	1511	121
GBC901000	1511	131
GBC901005	1511	75
GBC901009	1511	148
GBC901015	1511	118
GBC901018	1511	172
GBC901021	2895	1511
GBC901023	1511	213
GBC901024	1511	131
GBC901026	1764	1511
GBC901030	1511	178
GBC901038	1511	249
GBC901043	1511	193
GBC901047	16	3
GBC901050	1550	1511
GBC901051	18	16
GBC901063	11	6
GBC901067	1511	1303
GBC901090	1511	1481
GBC901122	1548	1511
GBC901123	14	11
GBC901150	14	11
GBC901208	1511	217
GBC901261	1511	17
GBC901311	1511	135
GBC901315	16	2
GBC901354	7	5
GBC901355	1	1
GBC901363	1511	220
GBC901366	10	7
GBC901367	16	5
GBC901377	11	8
GBC901689	5026	1432
GBC901799	1432	131
GBC901806	1432	75
GBC901810	1432	148
GBC901815	1432	118
GBC901817	1432	172
GBC901822	2895	1432
GBC901824	1432	213
GBC901825	1432	131
GBC901827	1764	1432
GBC901842	9	6
GBC901844	1432	193
GBC901845	9	6
GBC901852	1550	1432
GBC901865	1432	1303
GBC901866	13	10
GBC901880	11	7
GBC901884	1481	1432
GBC901889	1	1
GBC901895	11	10
GBC901899	2	1
GBC901906	14	4
GBC901910	1548	1432
GBC901911	14	9
GBC901931	14	10
GBC901956	1432	568
GBC901971	2	1
GBC901972	1	1
GBC902072	1432	220
GBC902077	10	5
GBC902078	1	1
GBC902083	2	1
GBC902085	5	3
GBC902181	7	4
GBC902184	1511	1432
GBC902199	11	10
GBC902219	14	11
GBC902323	7	5
GBC903024	881	31
GBC903677	20	13
GBC903869	881	65
GBC904899	1	1
GBC904923	881	28
GBC905642	1	1
GBC905951	881	63
GBC906141	5026	881
GBC906150	7	3
GBC906154	6	3
GBC906171	11	10
GBC906177	2	1
GBC906244	881	131
GBC906245	6	1
GBC906249	881	148
GBC906254	2895	881
GBC906256	881	213
GBC906259	1764	881
GBC906261	881	292
GBC906268	881	249
GBC906271	881	193
GBC906278	1550	881
GBC906288	1303	881
GBC906294	1	1
GBC906295	8	6
GBC906308	1481	881
GBC906314	10	4
GBC906318	10	8
GBC906336	1548	881
GBC906337	8	7
GBC906350	8	7
GBC906386	881	217
GBC906409	3	2
GBC906417	881	17
GBC906499	881	220
GBC906505	6	2
GBC906610	9	3
GBC906613	1511	881
GBC906614	14	9
GBC906882	1432	881
GBC906890	8	6
GBC908178	1	1
GBC908575	2	1
GBC909108	43	36
GBC909130	43	30
GBC909161	2	1
GBC909165	190	1
GBC909380	190	1
GBC909389	4	2
GBC910818	38	35
GBC910957	65	35
GBC912276	2	1
GBC912392	36	30
GBC912393	5943	2
GBC912430	34	1
GBC912475	33	30
GBC912487	80	48
GBC912526	37	21
GBC912777	1	1
GBC913318	1	1
GBC913613	1	1
GBC913738	55	38
GBC913741	46	38
GBC913869	65	20
GBC913993	46	33
GBC914022	76	65
GBC914038	48	3
GBC914089	48	1
GBC914221	55	8
GBC915311	718	5
GBC916736	1	1
GBC917198	23	5
GBC918652	262	1
GBC918888	1	1
GBC919850	1481	11
GBC920602	1	1
GBC923228	5	1
GBC923549	3	2
GBC923977	20	1
GBC924237	10	1
GBC924730	1	1
GBC927156	4	4
GBC927727	1	1
GBC927912	41	23
GBC929387	1	1
GBC932853	8	2
GBC932858	5026	145
GBC932881	2895	145
GBC932894	1550	145
GBC932900	1548	145
GBC933028	1511	145
GBC933065	12	1
GBC933237	1432	145
GBC933317	12	3
GBC933731	10	1
GBC933772	1	1
GBC933861	19	14
GBC934169	1148	1
GBC934268	6	6
GBC934271	1148	1
GBC934593	1	1
GBC935831	7	3
GBC937494	7	5
GBC937860	1039	1
GBC937920	1039	1
GBC937964	14	1
GBC937971	1039	1
GBC937972	14	11
GBC940390	6	1
GBC941870	1	1
GBC941871	1039	1
GBC942027	2	1
GBC942028	310	65
GBC942395	1	1
GBC942781	2	1
GBC942844	2	1
GBC943348	13	1
GBC943464	13	1
GBC943860	1	1
GBC945798	10	2
GBC946506	1	1
GBC946947	11	3
GBC946968	310	31
GBC948595	2	1
GBC949017	11	3
GBC949021	2	1
GBC950141	1	1
GBC950400	310	150
GBC950408	5	1
GBC950582	310	63
GBC950657	310	180
GBC950863	5026	310
GBC950871	11	10
GBC950873	11	1
GBC950876	11	5
GBC950879	2	1
GBC950882	11	11
GBC950884	1	1
GBC950889	11	5
GBC950926	310	75
GBC950947	2895	310
GBC950951	1764	310
GBC950958	310	26
GBC950969	310	193
GBC950971	10	3
GBC950973	11	3
GBC950975	1550	310
GBC950976	18	4
GBC950982	10	3
GBC950985	1303	310
GBC950986	13	5
GBC951001	1481	310
GBC951002	12	7
GBC951018	1548	310
GBC951034	9	7
GBC951052	568	310
GBC951053	4	3
GBC951074	5	3
GBC951155	1	1
GBC951182	17	11
GBC951183	3	1
GBC951204	310	220
GBC951205	17	6
GBC951212	2	1
GBC951213	17	2
GBC951225	17	9
GBC951226	3	2
GBC951318	11	10
GBC951336	1511	310
GBC951353	1	1
GBC951354	14	10
GBC951358	11	10
GBC951416	12	7
GBC951464	3	1
GBC951468	2	1
GBC951597	1	1
GBC951611	1432	310
GBC951618	10	9
GBC951620	9	5
GBC951688	1	1
GBC951721	10	9
GBC953192	6	2
GBC953267	1	1
GBC953407	284	1
GBC954196	3	1
GBC955835	11	11
GBC955836	3	2
GBC955841	3	1
GBC955849	881	310
GBC955858	11	8
GBC955860	11	10
GBC955867	11	7
GBC955955	3	1
GBC957591	472	1
GBC958132	866	72
GBC958723	1	1
GBC961471	3	1
GBC964999	1	1
GBC966137	1	1
GBC966617	17	6
GBC966983	17	11
GBC966991	866	718
GBC967328	1	1
GBC967583	212	1
GBC967675	576	1
GBC968200	1	1
GBC968421	11	6
GBC968426	866	500
GBC968847	866	477
GBC968859	866	15
GBC968878	866	44
GBC968879	866	16
GBC968881	866	265
GBC968921	866	40
GBC968927	866	32
GBC968974	866	301
GBC969097	866	19
GBC969199	3	2
GBC971616	1	1
GBC971916	1008	180
GBC972142	1008	12
GBC972241	5026	1008
GBC972399	1008	131
GBC972413	1008	148
GBC972416	1008	118
GBC972419	1008	172
GBC972426	2895	1008
GBC972431	1764	1008
GBC972432	1008	292
GBC972433	12	2
GBC972439	1008	26
GBC972448	1008	193
GBC972454	1550	1008
GBC972468	1303	1008
GBC972493	1481	1008
GBC972505	15	9
GBC972538	1548	1008
GBC972601	1008	568
GBC972663	1008	17
GBC972753	1008	220
GBC972756	5	1
GBC972764	9	9
GBC972944	10	2
GBC972952	1511	1008
GBC973355	1432	1008
GBC973464	12	5
GBC973465	1	1
GBC974751	12	6
GBC974779	472	1
GBC975163	20	12
GBC975264	866	750
GBC975266	1	1
GBC977323	2	1
GBC978260	1008	881
GBC978753	1	1
GBC979083	1	1
GBC979505	718	72
GBC980243	1	1
GBC980826	500	72
GBC985047	48	2
GBC985051	48	21
GBC985462	301	41
GBC986625	3	3
GBC987347	52	48
GBC987348	52	33
GBC987351	52	28
GBC988249	718	500
GBC988706	718	16
GBC988720	718	477
GBC988722	7	1
GBC988749	718	22
GBC988753	718	16
GBC988755	718	265
GBC988794	718	32
GBC988814	718	392
GBC988839	718	301
GBC988841	1	1
GBC988922	718	55
GBC989364	2	2
GBC990227	500	5
GBC990285	500	477
GBC990312	500	17
GBC990318	500	265
GBC990325	500	10
GBC990342	500	5
GBC990369	500	392
GBC990412	500	301
GBC990512	1	1
GBC990601	500	19
GBC990918	90	3
GBC990983	55	18
GBC991391	477	9
GBC991395	477	19
GBC991418	477	23
GBC991452	15	6
GBC991459	19	13
GBC991484	19	18
GBC991488	866	750
GBC991501	22	16
GBC991513	19	6
GBC991538	23	19
GBC991543	23	16
GBC991544	1	1
GBC991562	41	22
GBC991680	32	13
GBC991694	32	16
GBC991705	32	23
GBC991734	477	392
GBC991751	392	19
GBC991757	392	16
GBC991758	392	265
GBC991793	392	40
GBC991798	392	32
GBC991825	477	301
GBC991861	301	16
GBC991864	301	265
GBC991874	301	23
GBC991916	392	301
GBC992098	477	55
GBC992203	477	19
GBC992232	22	19
GBC992233	19	8
GBC992235	19	16
GBC992252	23	19
GBC992312	392	19
GBC992395	6	3
GBC992539	3	2
GBC992540	529	1
GBC992768	1	1
GBC992858	477	39
GBC993489	1	1
GBC993876	9	8
GBC994203	500	50
GBC994623	50	19
GBC995878	41	12
GBC995886	301	12
GBC997082	750	718
GBC997929	2	1
GBC998019	750	500
GBC998448	750	41
GBC998462	750	477
GBC998492	750	8
GBC998497	750	265
GBC998511	750	23
GBC998532	750	40
GBC998567	750	392
GBC998606	750	301
GBC998748	1	1
GBC998792	3	1
GBC998844	750	19
GBC998846	1	1
GBC999744	750	8
GBC1000502	7	5
GBC1001459	750	12
GBC1001701	7	5
GBC1003554	1	1
GBC1003917	1	1
GBC1004446	1009	25
GBC1006189	55	1
GBC1007906	369	25
GBC1007961	587	25
GBC1008028	1	1
GBC1009072	243	22
GBC1009163	315	22
GBC1009171	22	13
GBC1009180	22	13
GBC1010271	718	97
GBC1011375	477	97
GBC1011387	97	44
GBC1011388	97	16
GBC1011413	97	40
GBC1012325	3	1
GBC1012645	97	50
GBC1014945	12	2
GBC1014971	12	1
GBC1014972	12	3
GBC1014981	12	5
GBC1015082	12	9
GBC1015086	2	1
GBC1015088	1	1
GBC1015400	12	3
GBC1016683	1	1
GBC1019135	1	1
GBC1019807	1	1
GBC1020700	1	1
GBC1026406	2	1
GBC1027353	458	25
GBC1033931	1008	310
GBC1034023	17	5
GBC1034024	1	1
GBC1034027	1	1
GBC1034037	2	2
GBC1034038	1	1
GBC1034154	2	1
GBC1034163	12	7
GBC1034180	1	1
GBC1034206	1	1
GBC1034209	2	1
GBC1034698	2	1
GBC1034699	173	1
GBC1034724	173	1
GBC1034733	173	1
GBC1034736	2	1
GBC1035102	18	6
GBC1035116	6	1
GBC1035233	472	1
GBC1035484	750	43
GBC1037732	11	10
GBC1040164	103	1
GBC1043348	26	3
GBC1046687	33	31
GBC1046742	33	3
GBC1046755	2253	1
GBC1048849	45	3
GBC1049691	8	1
GBC1056520	306	1
GBC1056521	4	1
GBC1057342	1	1
GBC1057539	2	1
GBC1057540	75	8
GBC1057781	17	3
GBC1057783	516	1
GBC1058878	6	4
GBC1058889	6	2
GBC1060364	4285	2
GBC1060381	33	20
GBC1060553	53	33
GBC1064240	26	14
GBC1064255	2253	1
GBC1064524	31	14
GBC1064528	31	3
GBC1064538	2253	1
GBC1064590	10	8
GBC1064641	2253	1
GBC1064681	2253	1
GBC1064698	34	33
GBC1064854	34	8
GBC1064865	34	31
GBC1065714	2253	1
GBC1065722	31	21
GBC1068694	1	1
GBC1069180	2	1
GBC1072535	4	4
GBC1072560	306	1
GBC1072593	306	1
GBC1072602	1	1
GBC1073029	33	1
GBC1074075	1	1
GBC1077686	50	42
GBC1080887	2	1
GBC1081659	4	1
GBC1081667	71	1
GBC1082058	50	28
GBC1082066	50	19
GBC1082075	3290	1
GBC1088177	7	3
GBC1089614	1	1
GBC1090402	1	1
GBC1091056	2	1
GBC1091109	75	43
GBC1091113	2	1
GBC1091114	75	54
GBC1091122	75	25
GBC1091123	6609	2
GBC1091588	440	1
GBC1091622	13	1
GBC1095003	33	4
GBC1097326	1	1
GBC1098807	2	1
GBC1101588	32	25
GBC1101628	6	5
GBC1101807	2	1
GBC1102693	1	1
GBC1104790	1	1
GBC1105595	2	1
GBC1108144	7	3
GBC1108146	1	1
GBC1108148	2	1
GBC1109590	8	4
GBC1110179	6	5
GBC1111517	2	1
GBC1112482	3	2
GBC1112483	124	1
GBC1112484	124	1
GBC1112485	3	2
GBC1112514	124	1
GBC1112609	9	6
GBC1117733	2	1
GBC1120368	2	1
GBC1121314	1	1
GBC1121317	61	1
GBC1123393	5	1
GBC1125173	293	11
GBC1125176	11	7
GBC1125178	181	11
GBC1126299	1	1
GBC1126708	3	1
GBC1130338	258	245
GBC1132344	102	8
GBC1132664	516	1
GBC1132687	516	1
GBC1132692	17	6
GBC1133861	6	2
GBC1133874	516	1
GBC1136960	1	1
GBC1138556	1	1
GBC1139045	1	1
GBC1141572	1	1
GBC1141717	1	1
GBC1144255	258	14
GBC1144557	258	68
GBC1144563	258	87
GBC1144575	258	108
GBC1144584	258	109
GBC1144585	2	1
GBC1144627	258	21
GBC1144677	258	3
GBC1146948	1	1
GBC1148598	42	28
GBC1148604	42	19
GBC1148608	42	18
GBC1149036	2	1
GBC1149434	42	1
GBC1150131	61	2
GBC1150457	448	26
GBC1150496	26	16
GBC1150552	1	1
GBC1152869	28	18
GBC1152882	3290	1
GBC1153142	28	3
GBC1153144	28	18
GBC1153153	28	3
GBC1153197	50	42
GBC1153841	1	1
GBC1154285	28	4
GBC1154289	19	4
GBC1154298	3290	1
GBC1154301	22	4
GBC1159225	1	1
GBC1159786	1	1
GBC1161630	68	5
GBC1162696	57	43
GBC1162706	57	54
GBC1162810	52	6
GBC1162860	52	43
GBC1162870	54	52
GBC1162878	52	22
GBC1162880	6609	2
GBC1162934	68	6
GBC1162974	51	43
GBC1162989	51	2
GBC1162994	51	33
GBC1163004	43	9
GBC1163010	54	43
GBC1163055	54	25
GBC1163056	6609	2
GBC1163058	54	2
GBC1163073	6609	1
GBC1163081	6609	2
GBC1163082	102	75
GBC1163103	33	1
GBC1163140	68	6
GBC1163181	102	1
GBC1163202	102	68
GBC1164074	13	11
GBC1164118	440	1
GBC1164137	3	1
GBC1164156	440	1
GBC1164171	1	1
GBC1164173	1	1
GBC1164622	102	1
GBC1164971	68	51
GBC1164974	51	5
